id,Race,Class,Boost,STR,INT,WIS,DEX,CON
691,Arboren,(none),NO,72,50,70,48,80
696,Arboren,Armsman,0,80,50,70,48,84
699,Arboren,Assassin,NO,72,54,70,56,80
700,Arboren,Bandit,NO,76,50,70,56,80
693,Arboren,Barbarian,10,76,50,70,48,88
716,Arboren,Bard,NO,72,54,78,48,80
1415,Arboren,Battlemage,NO,74,58,74,48,80
1406,Arboren,Battlerager,NO,78,50,70,48,88
1405,Arboren,Bladesinger,NO,74,54,70,56,80
720,Arboren,Brew,NO,80,50,74,48,80
718,Arboren,Charlatan,NO,72,54,78,48,80
710,Arboren,Cleric,20,72,54,78,48,80
1417,Arboren,Confessor,NO,74,58,74,48,80
711,Arboren,Crusader,-10,72,50,78,48,84
1416,Arboren,Dragonslayer,0,82,50,70,48,84
712,Arboren,Druid,30,72,50,78,52,80
1414,Arboren,Eldritch,NO,74,58,74,48,80
707,Arboren,Enchanter,NO,72,58,74,48,80
705,Arboren,Illusionist,NO,72,58,74,48,80
1409,Arboren,Invoker,NO,74,58,74,48,80
717,Arboren,Jongleur,NO,72,50,74,56,80
704,Arboren,Mage,NO,72,58,74,48,80
708,Arboren,Mentalist,NO,72,58,74,48,80
1411,Arboren,Monk,0,74,58,74,48,80
1407,Arboren,Necromancer,NO,74,58,74,48,80
702,Arboren,Nightshade,NO,72,54,70,56,80
703,Arboren,Ninja,NO,76,50,70,56,80
1419,Arboren,Ovate,NO,74,54,78,48,80
1410,Arboren,Paladin,NO,82,50,74,48,80
701,Arboren,Pirate,NO,72,54,70,56,80
714,Arboren,Priest,20,72,54,78,48,80
694,Arboren,Ranger,30,72,50,74,56,80
1413,Arboren,Runesmith,NO,74,54,78,48,80
697,Arboren,Samurai,0,80,50,70,48,84
1412,Arboren,Shadowknight,NO,82,50,74,48,80
1418,Arboren,Shadowmage,NO,74,58,74,48,80
713,Arboren,Shaman,10,72,54,78,48,80
715,Arboren,Shukenja,10,72,54,78,48,80
719,Arboren,Skald,NO,76,50,78,48,80
695,Arboren,Swash,NO,76,50,70,56,80
698,Arboren,Thief,NO,72,54,70,56,80
1408,Arboren,Transmuter,NO,74,58,74,48,80
706,Arboren,Warlock,NO,72,58,70,52,80
692,Arboren,Warrior,10,80,50,70,48,84
709,Arboren,WuJen,NO,72,58,74,48,80
751,Ariel,(none),NO,60,60,70,70,40
756,Ariel,Armsman,20,68,60,70,70,44
759,Ariel,Assassin,20,60,64,70,78,40
760,Ariel,Bandit,0,64,60,70,78,40
753,Ariel,Barbarian,20,64,60,70,70,48
776,Ariel,Bard,0,60,64,78,70,40
1463,Ariel,Battlemage,UNS,62,68,74,70,40
1454,Ariel,Battlerager,NO,66,60,70,70,48
1453,Ariel,Bladesinger,NO,62,64,70,78,40
780,Ariel,Brew,-10,68,60,74,70,40
778,Ariel,Charlatan,0,60,64,78,70,40
770,Ariel,Cleric,0,60,64,78,70,40
1465,Ariel,Confessor,NO,62,68,74,70,40
771,Ariel,Crusader,20,60,60,78,70,44
1464,Ariel,Dragonslayer,UNS,70,60,70,70,44
772,Ariel,Druid,20,60,60,78,74,40
1462,Ariel,Eldritch,NO,62,68,74,70,40
767,Ariel,Enchanter,0,60,68,74,70,40
765,Ariel,Illusionist,0,60,68,74,70,40
1457,Ariel,Invoker,UNS,62,68,74,70,40
777,Ariel,Jongleur,20,60,60,74,78,40
764,Ariel,Mage,0,60,68,74,70,40
768,Ariel,Mentalist,0,60,68,74,70,40
1459,Ariel,Monk,UNS,62,68,74,70,40
1455,Ariel,Necromancer,UNS,62,68,74,70,40
762,Ariel,Nightshade,0,60,64,70,78,40
763,Ariel,Ninja,10,64,60,70,78,40
1467,Ariel,Ovate,10,62,64,78,70,40
1458,Ariel,Paladin,NO,70,60,74,70,40
761,Ariel,Pirate,0,60,64,70,78,40
774,Ariel,Priest,0,60,64,78,70,40
754,Ariel,Ranger,20,60,60,74,78,40
1461,Ariel,Runesmith,NO,62,64,78,70,40
757,Ariel,Samurai,10,68,60,70,70,44
1460,Ariel,Shadowknight,NO,70,60,74,70,40
1466,Ariel,Shadowmage,NO,62,68,74,70,40
773,Ariel,Shaman,20,60,64,78,70,40
775,Ariel,Shukenja,10,60,64,78,70,40
779,Ariel,Skald,0,64,60,78,70,40
755,Ariel,Swash,0,64,60,70,78,40
758,Ariel,Thief,0,60,64,70,78,40
1456,Ariel,Transmuter,UNS,62,68,74,70,40
766,Ariel,Warlock,0,60,68,70,74,40
752,Ariel,Warrior,0,68,60,70,70,44
769,Ariel,WuJen,10,60,68,74,70,40
811,Bakali,(none),NO,72,46,46,64,72
816,Bakali,Armsman,20,80,46,46,64,76
819,Bakali,Assassin,20,72,50,46,72,72
820,Bakali,Bandit,20,76,46,46,72,72
813,Bakali,Barbarian,0,76,46,46,64,80
836,Bakali,Bard,NO,72,50,54,64,72
1495,Bakali,Battlemage,UNS,74,54,50,64,72
1486,Bakali,Battlerager,NO,78,46,46,64,80
1485,Bakali,Bladesinger,NO,74,50,46,72,72
840,Bakali,Brew,NO,80,46,50,64,72
838,Bakali,Charlatan,NO,72,50,54,64,72
830,Bakali,Cleric,0,72,50,54,64,72
1497,Bakali,Confessor,NO,74,54,50,64,72
831,Bakali,Crusader,0,72,46,54,64,76
1496,Bakali,Dragonslayer,UNS,82,46,46,64,76
832,Bakali,Druid,0,72,46,54,68,72
1494,Bakali,Eldritch,NO,74,54,50,64,72
827,Bakali,Enchanter,0,72,54,50,64,72
825,Bakali,Illusionist,0,72,54,50,64,72
1489,Bakali,Invoker,UNS,74,54,50,64,72
837,Bakali,Jongleur,NO,72,46,50,72,72
824,Bakali,Mage,0,72,54,50,64,72
828,Bakali,Mentalist,0,72,54,50,64,72
1491,Bakali,Monk,UNS,74,54,50,64,72
1487,Bakali,Necromancer,UNS,74,54,50,64,72
822,Bakali,Nightshade,0,72,50,46,72,72
823,Bakali,Ninja,10,76,46,46,72,72
1499,Bakali,Ovate,UNS,74,50,54,64,72
1490,Bakali,Paladin,NO,82,46,50,64,72
821,Bakali,Pirate,0,72,50,46,72,72
834,Bakali,Priest,0,72,50,54,64,72
814,Bakali,Ranger,0,72,46,50,72,72
1493,Bakali,Runesmith,NO,74,50,54,64,72
817,Bakali,Samurai,10,80,46,46,64,76
1492,Bakali,Shadowknight,NO,82,46,50,64,72
1498,Bakali,Shadowmage,NO,74,54,50,64,72
833,Bakali,Shaman,10,72,50,54,64,72
835,Bakali,Shukenja,10,72,50,54,64,72
839,Bakali,Skald,NO,76,46,54,64,72
815,Bakali,Swash,0,76,46,46,72,72
818,Bakali,Thief,0,72,50,46,72,72
1488,Bakali,Transmuter,UNS,74,54,50,64,72
826,Bakali,Warlock,0,72,54,46,68,72
812,Bakali,Warrior,0,80,46,46,64,76
829,Bakali,WuJen,-10,72,54,50,64,72
331,Bugbear,(none),NO,78,49,49,46,80
336,Bugbear,Armsman,0,86,49,49,46,84
339,Bugbear,Assassin,NO,78,53,49,54,80
340,Bugbear,Bandit,0,82,49,49,54,80
333,Bugbear,Barbarian,20,60,49,49,46,88
356,Bugbear,Bard,NO,78,53,57,46,80
1319,Bugbear,Battlemage,UNS,80,57,53,46,80
1310,Bugbear,Battlerager,NO,84,49,49,46,88
1309,Bugbear,Bladesinger,NO,80,53,49,54,80
360,Bugbear,Brew,NO,86,49,53,46,80
358,Bugbear,Charlatan,NO,78,53,57,46,80
350,Bugbear,Cleric,-10,78,53,57,46,80
1321,Bugbear,Confessor,NO,80,57,53,46,80
351,Bugbear,Crusader,NO,78,49,57,46,84
1320,Bugbear,Dragonslayer,UNS,88,49,49,46,84
352,Bugbear,Druid,NO,78,49,57,50,80
1318,Bugbear,Eldritch,NO,80,57,53,46,80
347,Bugbear,Enchanter,NO,78,57,53,46,80
345,Bugbear,Illusionist,NO,78,57,53,46,80
1313,Bugbear,Invoker,UNS,80,57,53,46,80
357,Bugbear,Jongleur,NO,78,49,53,54,80
344,Bugbear,Mage,NO,78,57,53,46,80
348,Bugbear,Mentalist,NO,78,57,53,46,80
1315,Bugbear,Monk,UNS,80,57,53,46,80
1311,Bugbear,Necromancer,UNS,80,57,53,46,80
342,Bugbear,Nightshade,NO,78,53,49,54,80
343,Bugbear,Ninja,-10,82,49,49,54,80
1323,Bugbear,Ovate,UNS,80,53,57,46,80
1314,Bugbear,Paladin,NO,88,49,53,46,80
341,Bugbear,Pirate,NO,78,53,49,54,80
354,Bugbear,Priest,NO,78,53,57,46,80
334,Bugbear,Ranger,-10,78,49,53,54,80
1317,Bugbear,Runesmith,NO,80,53,57,46,80
337,Bugbear,Samurai,-10,86,49,49,46,84
1316,Bugbear,Shadowknight,NO,88,49,53,46,80
1322,Bugbear,Shadowmage,NO,80,57,53,46,80
353,Bugbear,Shaman,10,78,53,57,46,80
355,Bugbear,Shukenja,-10,78,53,57,46,80
359,Bugbear,Skald,NO,82,49,57,46,80
335,Bugbear,Swash,NO,82,49,49,54,80
338,Bugbear,Thief,0,78,53,49,54,80
1312,Bugbear,Transmuter,UNS,80,57,53,46,80
346,Bugbear,Warlock,NO,78,57,49,50,80
332,Bugbear,Warrior,20,86,49,49,46,84
349,Bugbear,WuJen,NO,78,57,53,46,80
721,Centaur,(none),NO,68,50,54,54,74
726,Centaur,Armsman,0,76,50,54,54,78
729,Centaur,Assassin,NO,68,54,54,62,74
730,Centaur,Bandit,NO,72,50,54,62,74
723,Centaur,Barbarian,20,72,50,54,54,82
746,Centaur,Bard,0,68,54,62,54,74
1447,Centaur,Battlemage,UNS,70,58,58,54,74
1438,Centaur,Battlerager,NO,74,50,54,54,82
1437,Centaur,Bladesinger,NO,70,54,54,62,74
750,Centaur,Brew,0,76,50,58,54,74
748,Centaur,Charlatan,0,68,54,62,54,74
740,Centaur,Cleric,0,68,54,62,54,74
1449,Centaur,Confessor,NO,70,58,58,54,74
741,Centaur,Crusader,10,68,50,62,54,78
1448,Centaur,Dragonslayer,UNS,78,50,54,54,78
742,Centaur,Druid,10,68,50,62,58,74
1446,Centaur,Eldritch,NO,70,58,58,54,74
737,Centaur,Enchanter,NO,68,58,58,54,74
735,Centaur,Illusionist,NO,68,58,58,54,74
1441,Centaur,Invoker,UNS,70,58,58,54,74
747,Centaur,Jongleur,0,68,50,58,62,74
734,Centaur,Mage,NO,68,58,58,54,74
738,Centaur,Mentalist,NO,68,58,58,54,74
1443,Centaur,Monk,0,70,58,58,54,74
1439,Centaur,Necromancer,UNS,70,58,58,54,74
732,Centaur,Nightshade,NO,68,54,54,62,74
733,Centaur,Ninja,NO,72,50,54,62,74
1451,Centaur,Ovate,UNS,70,54,62,54,74
1442,Centaur,Paladin,NO,78,50,58,54,74
731,Centaur,Pirate,0,68,54,54,62,74
744,Centaur,Priest,0,68,54,62,54,74
724,Centaur,Ranger,20,68,50,58,62,74
1445,Centaur,Runesmith,NO,70,54,62,54,74
727,Centaur,Samurai,10,76,50,54,54,78
1444,Centaur,Shadowknight,NO,78,50,58,54,74
1450,Centaur,Shadowmage,NO,70,58,58,54,74
743,Centaur,Shaman,10,68,54,62,54,74
745,Centaur,Shukenja,10,68,54,62,54,74
749,Centaur,Skald,0,72,50,62,54,74
725,Centaur,Swash,0,72,50,54,62,74
728,Centaur,Thief,NO,68,54,54,62,74
1440,Centaur,Transmuter,UNS,70,58,58,54,74
736,Centaur,Warlock,NO,68,58,54,58,74
722,Centaur,Warrior,0,76,50,54,54,78
739,Centaur,WuJen,NO,68,58,58,54,74
91,D-Dwarf,(none),NO,51,80,67,46,61
96,D-Dwarf,Armsman,-10,59,80,67,46,65
99,D-Dwarf,Assassin,0,51,84,67,54,61
100,D-Dwarf,Bandit,0,55,80,67,54,61
93,D-Dwarf,Barbarian,NO,55,80,67,46,69
116,D-Dwarf,Bard,0,51,84,75,46,61
1175,D-Dwarf,Battlemage,UNS,53,88,71,46,61
1166,D-Dwarf,Battlerager,NO,57,80,67,46,69
1165,D-Dwarf,Bladesinger,NO,53,84,67,54,61
120,D-Dwarf,Brew,10,59,80,71,46,61
118,D-Dwarf,Charlatan,0,51,84,75,46,61
110,D-Dwarf,Cleric,10,51,84,75,46,61
1177,D-Dwarf,Confessor,NO,53,88,71,46,61
111,D-Dwarf,Crusader,0,51,80,75,46,65
1176,D-Dwarf,Dragonslayer,UNS,61,80,67,46,65
112,D-Dwarf,Druid,0,51,80,75,50,61
1174,D-Dwarf,Eldritch,NO,53,88,71,46,61
107,D-Dwarf,Enchanter,0,51,88,71,46,61
105,D-Dwarf,Illusionist,0,51,88,71,46,61
1169,D-Dwarf,Invoker,0,53,88,71,46,61
117,D-Dwarf,Jongleur,NO,51,80,71,54,61
104,D-Dwarf,Mage,10,51,88,71,46,61
108,D-Dwarf,Mentalist,10,51,88,71,46,61
1171,D-Dwarf,Monk,UNS,53,88,71,46,61
1167,D-Dwarf,Necromancer,UNS,53,88,71,46,61
102,D-Dwarf,Nightshade,10,51,84,67,54,61
103,D-Dwarf,Ninja,10,55,80,67,54,61
1179,D-Dwarf,Ovate,UNS,53,84,75,46,61
1170,D-Dwarf,Paladin,NO,61,80,71,46,61
101,D-Dwarf,Pirate,0,51,84,67,54,61
114,D-Dwarf,Priest,10,51,84,75,46,61
94,D-Dwarf,Ranger,NO,51,80,71,54,61
1173,D-Dwarf,Runesmith,UNS,53,84,75,46,61
97,D-Dwarf,Samurai,-10,59,80,67,46,65
1172,D-Dwarf,Shadowknight,NO,61,80,71,46,61
1178,D-Dwarf,Shadowmage,NO,53,88,71,46,61
113,D-Dwarf,Shaman,0,51,84,75,46,61
115,D-Dwarf,Shukenja,20,51,84,75,46,61
119,D-Dwarf,Skald,0,55,80,75,46,61
95,D-Dwarf,Swash,NO,55,80,67,54,61
98,D-Dwarf,Thief,0,51,84,67,54,61
1168,D-Dwarf,Transmuter,UNS,53,88,71,46,61
106,D-Dwarf,Warlock,10,51,88,67,50,61
92,D-Dwarf,Warrior,-10,59,80,67,46,65
109,D-Dwarf,WuJen,10,51,88,71,46,61
211,D-Elf,(none),NO,35,81,81,69,42
216,D-Elf,Armsman,10,43,81,81,69,46
219,D-Elf,Assassin,10,35,85,81,77,42
220,D-Elf,Bandit,10,39,81,81,77,42
213,D-Elf,Barbarian,10,39,81,81,69,50
236,D-Elf,Bard,0,35,85,89,69,42
1079,D-Elf,Battlemage,0,37,89,85,69,42
1070,D-Elf,Battlerager,NO,41,81,81,69,50
1069,D-Elf,Bladesinger,NO,37,85,81,77,42
240,D-Elf,Brew,0,43,81,85,69,42
238,D-Elf,Charlatan,0,35,85,89,69,42
230,D-Elf,Cleric,20,35,85,89,69,42
1081,D-Elf,Confessor,NO,37,89,85,69,42
231,D-Elf,Crusader,0,35,81,89,69,46
1080,D-Elf,Dragonslayer,UNS,45,81,81,69,46
232,D-Elf,Druid,0,35,81,89,73,42
1078,D-Elf,Eldritch,NO,37,89,85,69,42
227,D-Elf,Enchanter,10,35,89,85,69,42
225,D-Elf,Illusionist,10,35,89,85,69,42
1073,D-Elf,Invoker,UNS,37,89,85,69,42
237,D-Elf,Jongleur,0,35,81,85,77,42
224,D-Elf,Mage,20,35,89,85,69,42
228,D-Elf,Mentalist,20,35,89,85,69,42
1075,D-Elf,Monk,UNS,37,89,85,69,42
1071,D-Elf,Necromancer,20,37,89,85,69,42
222,D-Elf,Nightshade,20,35,85,81,77,42
223,D-Elf,Ninja,20,39,81,81,77,42
1083,D-Elf,Ovate,UNS,37,85,89,69,42
1074,D-Elf,Paladin,NO,45,81,85,69,42
221,D-Elf,Pirate,0,35,85,81,77,42
234,D-Elf,Priest,10,35,85,89,69,42
214,D-Elf,Ranger,0,35,81,85,77,42
1077,D-Elf,Runesmith,NO,37,85,89,69,42
217,D-Elf,Samurai,10,43,81,81,69,46
1076,D-Elf,Shadowknight,NO,45,81,85,69,42
1082,D-Elf,Shadowmage,NO,37,89,85,69,42
233,D-Elf,Shaman,0,35,85,89,69,42
235,D-Elf,Shukenja,20,35,85,89,69,42
239,D-Elf,Skald,0,39,81,89,69,42
215,D-Elf,Swash,0,39,81,81,77,42
218,D-Elf,Thief,10,35,85,81,77,42
1072,D-Elf,Transmuter,UNS,37,89,85,69,42
226,D-Elf,Warlock,0,35,89,81,73,42
212,D-Elf,Warrior,0,43,81,81,69,46
229,D-Elf,WuJen,20,35,89,85,69,42
391,Deep Gn,(none),NO,39,71,92,52,54
396,Deep Gn,Armsman,-20,47,71,92,52,58
399,Deep Gn,Assassin,-10,39,75,92,60,54
400,Deep Gn,Bandit,-10,43,71,92,60,54
393,Deep Gn,Barbarian,-10,43,71,92,52,62
416,Deep Gn,Bard,-20,39,75,100,52,54
1351,Deep Gn,Battlemage,UNS,41,79,96,52,54
1342,Deep Gn,Battlerager,NO,45,71,92,52,62
1341,Deep Gn,Bladesinger,NO,41,75,92,60,54
420,Deep Gn,Brew,0,47,71,96,52,54
418,Deep Gn,Charlatan,-10,39,75,100,52,54
410,Deep Gn,Cleric,0,39,75,100,52,54
1353,Deep Gn,Confessor,NO,41,79,96,52,54
411,Deep Gn,Crusader,-10,39,71,100,52,58
1352,Deep Gn,Dragonslayer,UNS,49,71,92,52,58
412,Deep Gn,Druid,0,39,71,100,56,54
1350,Deep Gn,Eldritch,NO,41,79,96,52,54
407,Deep Gn,Enchanter,0,39,79,96,52,54
405,Deep Gn,Illusionist,20,39,79,96,52,54
1345,Deep Gn,Invoker,UNS,41,79,96,52,54
417,Deep Gn,Jongleur,-10,39,71,96,60,54
404,Deep Gn,Mage,10,39,79,96,52,54
408,Deep Gn,Mentalist,30,39,79,96,52,54
1347,Deep Gn,Monk,UNS,41,79,96,52,54
1343,Deep Gn,Necromancer,UNS,41,79,96,52,54
402,Deep Gn,Nightshade,10,39,75,92,60,54
403,Deep Gn,Ninja,-10,43,71,92,60,54
1355,Deep Gn,Ovate,0,41,75,100,52,54
1346,Deep Gn,Paladin,NO,49,71,96,52,54
401,Deep Gn,Pirate,0,39,75,92,60,54
414,Deep Gn,Priest,0,39,75,100,52,54
394,Deep Gn,Ranger,-10,39,71,96,60,54
1349,Deep Gn,Runesmith,NO,41,75,100,52,54
397,Deep Gn,Samurai,-10,47,71,92,52,58
1348,Deep Gn,Shadowknight,NO,49,71,96,52,54
1354,Deep Gn,Shadowmage,NO,41,79,96,52,54
413,Deep Gn,Shaman,-10,39,75,100,52,54
415,Deep Gn,Shukenja,20,39,75,100,52,54
419,Deep Gn,Skald,0,43,71,100,52,54
395,Deep Gn,Swash,NO,43,71,92,60,54
398,Deep Gn,Thief,0,39,75,92,60,54
1344,Deep Gn,Transmuter,UNS,41,79,96,52,54
406,Deep Gn,Warlock,-10,39,79,92,56,54
392,Deep Gn,Warrior,-10,47,71,92,52,58
409,Deep Gn,WuJen,20,39,79,96,52,54
571,Felar,(none),NO,30,55,70,92,45
576,Felar,Armsman,-10,38,55,70,92,49
579,Felar,Assassin,0,30,59,70,100,45
580,Felar,Bandit,0,34,55,70,100,45
573,Felar,Barbarian,10,34,55,70,92,53
596,Felar,Bard,-10,30,59,78,92,45
1399,Felar,Battlemage,0,30,63,76,92,45
1390,Felar,Battlerager,NO,34,55,72,92,53
1389,Felar,Bladesinger,NO,30,59,72,100,45
600,Felar,Brew,0,38,55,74,92,45
598,Felar,Charlatan,0,30,59,78,92,45
590,Felar,Cleric,0,30,59,78,92,45
1401,Felar,Confessor,NO,30,63,76,92,45
591,Felar,Crusader,0,30,55,78,92,49
1400,Felar,Dragonslayer,UNS,38,55,72,92,49
592,Felar,Druid,10,30,55,78,96,45
1398,Felar,Eldritch,NO,30,63,76,92,45
587,Felar,Enchanter,0,30,63,74,92,45
585,Felar,Illusionist,0,30,63,74,92,45
1393,Felar,Invoker,UNS,30,63,76,92,45
597,Felar,Jongleur,10,30,55,74,100,45
584,Felar,Mage,0,30,63,74,92,45
588,Felar,Mentalist,0,30,63,74,92,45
1395,Felar,Monk,UNS,30,63,76,92,45
1391,Felar,Necromancer,UNS,30,63,76,92,45
582,Felar,Nightshade,10,30,59,70,100,45
583,Felar,Ninja,20,34,55,70,100,45
1403,Felar,Ovate,UNS,30,59,80,92,45
1394,Felar,Paladin,NO,38,55,76,92,45
581,Felar,Pirate,0,30,59,70,100,45
594,Felar,Priest,0,30,59,78,92,45
574,Felar,Ranger,10,30,55,74,100,45
1397,Felar,Runesmith,NO,30,59,80,92,45
577,Felar,Samurai,0,38,55,70,92,49
1396,Felar,Shadowknight,NO,38,55,76,92,45
1402,Felar,Shadowmage,NO,30,63,76,92,45
593,Felar,Shaman,0,30,59,78,92,45
595,Felar,Shukenja,-10,30,59,78,92,45
599,Felar,Skald,-10,34,55,78,92,45
575,Felar,Swash,NO,34,55,70,100,45
578,Felar,Thief,10,30,59,70,100,45
1392,Felar,Transmuter,0,30,63,76,92,45
586,Felar,Warlock,0,30,63,70,96,45
572,Felar,Warrior,0,38,55,70,92,49
589,Felar,WuJen,20,30,63,74,92,45
481,G-Ogre,(none),NO,92,30,40,35,92
486,G-Ogre,Armsman,10,100,30,40,35,96
489,G-Ogre,Assassin,-30,92,34,40,43,92
490,G-Ogre,Bandit,-20,96,30,40,43,92
483,G-Ogre,Barbarian,30,96,30,40,35,100
506,G-Ogre,Bard,NO,92,34,48,35,92
1239,G-Ogre,Battlemage,UNS,94,38,44,35,92
1230,G-Ogre,Battlerager,NO,98,30,40,35,100
1229,G-Ogre,Bladesinger,NO,94,34,40,43,92
510,G-Ogre,Brew,NO,100,30,44,35,92
508,G-Ogre,Charlatan,NO,92,34,48,35,92
500,G-Ogre,Cleric,-20,92,34,48,35,92
1241,G-Ogre,Confessor,NO,94,38,44,35,92
501,G-Ogre,Crusader,-20,92,30,48,35,96
1240,G-Ogre,Dragonslayer,UNS,102,30,40,35,96
502,G-Ogre,Druid,-20,92,30,48,39,92
1238,G-Ogre,Eldritch,NO,94,38,44,35,92
497,G-Ogre,Enchanter,NO,92,38,44,35,92
495,G-Ogre,Illusionist,NO,92,38,44,35,92
1233,G-Ogre,Invoker,UNS,94,38,44,35,92
507,G-Ogre,Jongleur,NO,92,30,44,43,92
494,G-Ogre,Mage,NO,92,38,44,35,92
498,G-Ogre,Mentalist,NO,92,38,44,35,92
1235,G-Ogre,Monk,UNS,94,38,44,35,92
1231,G-Ogre,Necromancer,UNS,94,38,44,35,92
492,G-Ogre,Nightshade,NO,92,34,40,43,92
493,G-Ogre,Ninja,-20,96,30,40,43,92
1243,G-Ogre,Ovate,UNS,94,34,48,35,92
1234,G-Ogre,Paladin,NO,102,30,44,35,92
491,G-Ogre,Pirate,0,92,34,40,43,92
504,G-Ogre,Priest,-20,92,34,48,35,92
484,G-Ogre,Ranger,0,92,30,44,43,92
1237,G-Ogre,Runesmith,NO,94,34,48,35,92
487,G-Ogre,Samurai,-10,100,30,40,35,96
1236,G-Ogre,Shadowknight,NO,102,30,44,35,92
1242,G-Ogre,Shadowmage,NO,94,38,44,35,92
503,G-Ogre,Shaman,0,92,34,48,35,92
505,G-Ogre,Shukenja,0,92,34,48,35,92
509,G-Ogre,Skald,NO,96,30,48,35,92
485,G-Ogre,Swash,NO,96,30,40,43,92
488,G-Ogre,Thief,-30,92,34,40,43,92
1232,G-Ogre,Transmuter,UNS,94,38,44,35,92
496,G-Ogre,Warlock,NO,92,38,40,39,92
482,G-Ogre,Warrior,30,100,30,40,35,96
499,G-Ogre,WuJen,NO,92,38,44,35,92
301,Goblin,(none),NO,52,60,48,83,58
306,Goblin,Armsman,0,60,60,48,83,62
309,Goblin,Assassin,0,52,64,48,91,58
310,Goblin,Bandit,10,56,60,48,91,58
303,Goblin,Barbarian,0,56,60,48,83,66
326,Goblin,Bard,-20,52,64,56,83,58
1287,Goblin,Battlemage,UNS,54,68,52,83,58
1278,Goblin,Battlerager,NO,58,60,48,83,66
1277,Goblin,Bladesinger,NO,54,64,48,91,58
330,Goblin,Brew,10,60,60,52,83,58
328,Goblin,Charlatan,10,52,64,56,83,58
320,Goblin,Cleric,-10,52,64,56,83,58
1289,Goblin,Confessor,NO,54,68,52,83,58
321,Goblin,Crusader,-10,52,60,56,83,62
1288,Goblin,Dragonslayer,UNS,62,60,48,83,62
322,Goblin,Druid,NO,52,60,56,87,58
1286,Goblin,Eldritch,NO,54,68,52,83,58
317,Goblin,Enchanter,-10,52,68,52,83,58
315,Goblin,Illusionist,-10,52,68,52,83,58
1281,Goblin,Invoker,UNS,54,68,52,83,58
327,Goblin,Jongleur,-10,52,60,52,91,58
314,Goblin,Mage,-10,52,68,52,83,58
318,Goblin,Mentalist,-10,52,68,52,83,58
1283,Goblin,Monk,UNS,54,68,52,83,58
1279,Goblin,Necromancer,-10,54,68,52,83,58
312,Goblin,Nightshade,10,52,64,48,91,58
313,Goblin,Ninja,20,56,60,48,91,58
1291,Goblin,Ovate,UNS,54,64,56,83,58
1282,Goblin,Paladin,NO,62,60,52,83,58
311,Goblin,Pirate,0,52,64,48,91,58
324,Goblin,Priest,-10,52,64,56,83,58
304,Goblin,Ranger,NO,52,60,52,91,58
1285,Goblin,Runesmith,NO,54,64,56,83,58
307,Goblin,Samurai,0,60,60,48,83,62
1284,Goblin,Shadowknight,NO,62,60,52,83,58
1290,Goblin,Shadowmage,NO,54,68,52,83,58
323,Goblin,Shaman,10,52,64,56,83,58
325,Goblin,Shukenja,10,52,64,56,83,58
329,Goblin,Skald,-20,56,60,56,83,58
305,Goblin,Swash,NO,56,60,48,91,58
308,Goblin,Thief,10,52,64,48,91,58
1280,Goblin,Transmuter,UNS,54,68,52,83,58
316,Goblin,Warlock,10,52,68,48,87,58
302,Goblin,Warrior,0,60,60,48,83,62
319,Goblin,WuJen,10,52,68,52,83,58
991,Gully,(none),NO,66,30,44,50,90
996,Gully,Armsman,0,74,30,44,50,94
999,Gully,Assassin,0,66,34,44,58,90
1000,Gully,Bandit,0,70,30,44,58,90
993,Gully,Barbarian,0,70,30,44,50,98
1016,Gully,Bard,NO,66,34,52,50,90
1031,Gully,Battlemage,UNS,66,38,48,50,90
1022,Gully,Battlerager,NO,70,30,44,50,98
1422,Gully,Battlerager,NO,72,30,44,50,98
1021,Gully,Bladesinger,NO,66,34,44,58,90
1020,Gully,Brew,NO,74,30,48,50,90
1018,Gully,Charlatan,NO,66,34,52,50,90
1010,Gully,Cleric,NO,66,34,52,50,90
1033,Gully,Confessor,NO,66,38,48,50,90
1011,Gully,Crusader,NO,66,30,52,50,94
1032,Gully,Dragonslayer,UNS,74,30,44,50,94
1012,Gully,Druid,NO,66,30,52,54,90
1030,Gully,Eldritch,NO,66,38,48,50,90
1007,Gully,Enchanter,NO,66,38,48,50,90
1005,Gully,Illusionist,NO,66,38,48,50,90
1025,Gully,Invoker,UNS,66,38,48,50,90
1017,Gully,Jongleur,NO,66,30,48,58,90
1004,Gully,Mage,NO,66,38,48,50,90
1008,Gully,Mentalist,NO,66,34,52,50,90
1027,Gully,Monk,UNS,66,38,48,50,90
1023,Gully,Necromancer,UNS,66,38,48,50,90
1002,Gully,Nightshade,0,66,34,44,58,90
1003,Gully,Ninja,0,70,30,44,58,90
1035,Gully,Ovate,UNS,66,34,52,50,90
1026,Gully,Paladin,NO,74,30,48,50,90
1001,Gully,Pirate,0,66,34,44,58,90
1014,Gully,Priest,NO,66,34,52,50,90
994,Gully,Ranger,0,66,30,48,58,90
1029,Gully,Runesmith,NO,66,34,52,50,90
1429,Gully,Runesmith,NO,68,34,52,50,90
997,Gully,Samurai,0,74,30,44,50,94
1028,Gully,Shadowknight,NO,74,30,48,50,90
1034,Gully,Shadowmage,NO,66,38,48,50,90
1013,Gully,Shaman,NO,66,34,52,50,90
1015,Gully,Shukenja,NO,66,34,52,50,90
1019,Gully,Skald,NO,70,30,52,50,90
995,Gully,Swash,NO,70,30,44,58,90
998,Gully,Thief,0,66,34,44,58,90
1024,Gully,Transmuter,UNS,66,38,48,50,90
1006,Gully,Warlock,NO,66,38,44,54,90
992,Gully,Warrior,0,74,30,44,50,94
1009,Gully,WuJen,NO,66,38,48,50,90
31,H-Dwarf,(none),NO,62,52,79,50,64
36,H-Dwarf,Armsman,30,70,52,79,50,68
39,H-Dwarf,Assassin,-10,62,56,79,58,64
40,H-Dwarf,Bandit,-10,66,52,79,58,64
33,H-Dwarf,Barbarian,10,66,52,79,50,72
56,H-Dwarf,Bard,0,62,56,87,50,64
1159,H-Dwarf,Battlemage,UNS,64,60,83,50,64
1150,H-Dwarf,Battlerager,30,68,52,79,50,72
1149,H-Dwarf,Bladesinger,NO,64,56,79,58,64
60,H-Dwarf,Brew,20,70,52,83,50,64
58,H-Dwarf,Charlatan,0,62,56,87,50,64
50,H-Dwarf,Cleric,10,62,56,87,50,64
1161,H-Dwarf,Confessor,NO,64,60,83,50,64
51,H-Dwarf,Crusader,0,62,52,87,50,68
1160,H-Dwarf,Dragonslayer,UNS,72,52,79,50,68
52,H-Dwarf,Druid,10,62,52,87,54,64
1158,H-Dwarf,Eldritch,NO,64,60,83,50,64
47,H-Dwarf,Enchanter,NO,62,60,83,50,64
45,H-Dwarf,Illusionist,NO,62,60,83,50,64
1153,H-Dwarf,Invoker,UNS,64,60,83,50,64
57,H-Dwarf,Jongleur,-10,62,52,83,58,64
44,H-Dwarf,Mage,NO,62,60,83,50,64
48,H-Dwarf,Mentalist,NO,62,60,83,50,64
1155,H-Dwarf,Monk,UNS,64,60,83,50,64
1151,H-Dwarf,Necromancer,UNS,64,60,83,50,64
42,H-Dwarf,Nightshade,NO,62,56,79,58,64
43,H-Dwarf,Ninja,-10,66,52,79,58,64
1163,H-Dwarf,Ovate,UNS,64,56,87,50,64
1154,H-Dwarf,Paladin,NO,72,52,83,50,64
41,H-Dwarf,Pirate,0,62,56,79,58,64
54,H-Dwarf,Priest,10,62,56,87,50,64
34,H-Dwarf,Ranger,10,62,52,83,58,64
1157,H-Dwarf,Runesmith,UNS,64,56,87,50,64
37,H-Dwarf,Samurai,20,70,52,79,50,68
1156,H-Dwarf,Shadowknight,NO,72,52,83,50,64
1162,H-Dwarf,Shadowmage,NO,64,60,83,50,64
53,H-Dwarf,Shaman,10,62,56,87,50,64
55,H-Dwarf,Shukenja,10,62,56,87,50,64
59,H-Dwarf,Skald,30,66,52,87,50,64
35,H-Dwarf,Swash,NO,66,52,79,58,64
38,H-Dwarf,Thief,-10,62,56,79,58,64
1152,H-Dwarf,Transmuter,UNS,64,60,83,50,64
46,H-Dwarf,Warlock,NO,62,60,79,54,64
32,H-Dwarf,Warrior,10,70,52,79,50,68
49,H-Dwarf,WuJen,NO,62,60,83,50,64
181,H-Elf,(none),NO,50,69,69,63,49
186,H-Elf,Armsman,10,58,69,69,63,53
189,H-Elf,Assassin,10,50,73,69,71,49
190,H-Elf,Bandit,10,54,69,69,71,49
183,H-Elf,Barbarian,0,54,69,69,63,57
206,H-Elf,Bard,10,50,73,77,63,49
1127,H-Elf,Battlemage,UNS,52,77,73,63,49
1118,H-Elf,Battlerager,NO,56,69,69,63,57
1117,H-Elf,Bladesinger,0,52,73,69,71,49
210,H-Elf,Brew,10,58,69,73,63,49
208,H-Elf,Charlatan,10,50,73,77,63,49
200,H-Elf,Cleric,10,50,73,77,63,49
1129,H-Elf,Confessor,NO,52,77,73,63,49
201,H-Elf,Crusader,10,50,69,77,63,53
1128,H-Elf,Dragonslayer,UNS,60,69,69,63,53
202,H-Elf,Druid,10,50,69,77,67,49
1126,H-Elf,Eldritch,0,52,77,73,63,49
197,H-Elf,Enchanter,0,50,77,73,63,49
195,H-Elf,Illusionist,0,50,77,73,63,49
1121,H-Elf,Invoker,0,52,77,73,63,49
207,H-Elf,Jongleur,10,50,69,73,71,49
194,H-Elf,Mage,0,50,77,73,63,49
198,H-Elf,Mentalist,10,50,77,73,63,49
1123,H-Elf,Monk,UNS,52,77,73,63,49
1119,H-Elf,Necromancer,UNS,52,77,73,63,49
192,H-Elf,Nightshade,10,50,73,69,71,49
193,H-Elf,Ninja,20,54,69,69,71,49
1131,H-Elf,Ovate,UNS,52,73,77,63,49
1122,H-Elf,Paladin,NO,60,69,73,63,49
191,H-Elf,Pirate,0,50,73,69,71,49
204,H-Elf,Priest,0,50,73,77,63,49
184,H-Elf,Ranger,10,50,69,73,71,49
1125,H-Elf,Runesmith,NO,52,73,77,63,49
187,H-Elf,Samurai,20,58,69,69,63,53
1124,H-Elf,Shadowknight,NO,60,69,73,63,49
1130,H-Elf,Shadowmage,NO,52,77,73,63,49
203,H-Elf,Shaman,0,50,73,77,63,49
205,H-Elf,Shukenja,10,50,73,77,63,49
209,H-Elf,Skald,10,54,69,77,63,49
185,H-Elf,Swash,10,54,69,69,71,49
188,H-Elf,Thief,10,50,73,69,71,49
1120,H-Elf,Transmuter,UNS,52,77,73,63,49
196,H-Elf,Warlock,0,50,77,69,67,49
182,H-Elf,Warrior,0,58,69,69,63,53
199,H-Elf,WuJen,20,50,77,73,63,49
511,H-Ogre,(none),NO,76,46,49,51,78
516,H-Ogre,Armsman,10,84,46,49,51,82
519,H-Ogre,Assassin,-10,76,50,49,59,78
520,H-Ogre,Bandit,10,80,46,49,59,78
513,H-Ogre,Barbarian,10,80,46,49,51,86
536,H-Ogre,Bard,-10,76,50,57,51,78
1255,H-Ogre,Battlemage,0,78,54,53,51,78
1246,H-Ogre,Battlerager,NO,82,46,49,51,86
1245,H-Ogre,Bladesinger,NO,78,50,49,59,78
540,H-Ogre,Brew,10,84,46,53,51,78
538,H-Ogre,Charlatan,0,76,50,57,51,78
530,H-Ogre,Cleric,0,76,50,57,51,78
1257,H-Ogre,Confessor,NO,78,54,53,51,78
531,H-Ogre,Crusader,0,76,46,57,51,82
1256,H-Ogre,Dragonslayer,UNS,86,46,49,51,82
532,H-Ogre,Druid,0,76,46,57,55,78
1254,H-Ogre,Eldritch,NO,78,54,53,51,78
527,H-Ogre,Enchanter,-10,76,54,53,51,78
525,H-Ogre,Illusionist,-10,76,54,53,51,78
1249,H-Ogre,Invoker,UNS,78,54,53,51,78
537,H-Ogre,Jongleur,-20,76,46,53,59,78
524,H-Ogre,Mage,-10,76,54,53,51,78
528,H-Ogre,Mentalist,-20,76,54,53,51,78
1251,H-Ogre,Monk,UNS,78,54,53,51,78
1247,H-Ogre,Necromancer,UNS,78,54,53,51,78
522,H-Ogre,Nightshade,-10,76,50,49,59,78
523,H-Ogre,Ninja,20,80,46,49,59,78
1259,H-Ogre,Ovate,UNS,78,50,57,51,78
1250,H-Ogre,Paladin,NO,86,46,53,51,78
521,H-Ogre,Pirate,0,76,50,49,59,78
534,H-Ogre,Priest,0,76,50,57,51,78
514,H-Ogre,Ranger,0,76,46,53,59,78
1253,H-Ogre,Runesmith,NO,78,50,57,51,78
517,H-Ogre,Samurai,20,84,46,49,51,82
1252,H-Ogre,Shadowknight,NO,86,46,53,51,78
1258,H-Ogre,Shadowmage,NO,78,54,53,51,78
533,H-Ogre,Shaman,0,76,50,57,51,78
535,H-Ogre,Shukenja,10,76,50,57,51,78
539,H-Ogre,Skald,10,80,46,57,51,78
515,H-Ogre,Swash,-10,80,46,49,59,78
518,H-Ogre,Thief,0,76,50,49,59,78
1248,H-Ogre,Transmuter,UNS,78,54,53,51,78
526,H-Ogre,Warlock,-10,76,54,49,55,78
512,H-Ogre,Warrior,10,84,46,49,51,82
529,H-Ogre,WuJen,10,76,54,53,51,78
361,Hobgob,(none),NO,65,55,55,60,65
366,Hobgob,Armsman,10,73,55,55,60,69
369,Hobgob,Assassin,20,65,59,55,68,65
370,Hobgob,Bandit,0,69,55,55,68,65
363,Hobgob,Barbarian,10,69,55,55,60,73
386,Hobgob,Bard,0,65,59,63,60,65
1303,Hobgob,Battlemage,UNS,67,63,59,60,65
1294,Hobgob,Battlerager,NO,71,55,55,60,73
1293,Hobgob,Bladesinger,NO,67,59,55,68,65
390,Hobgob,Brew,0,73,55,59,60,65
388,Hobgob,Charlatan,0,65,59,63,60,65
380,Hobgob,Cleric,0,65,59,63,60,65
1305,Hobgob,Confessor,NO,67,63,59,60,65
381,Hobgob,Crusader,NO,65,55,63,60,69
1304,Hobgob,Dragonslayer,UNS,75,55,55,60,69
382,Hobgob,Druid,NO,65,55,63,64,65
1302,Hobgob,Eldritch,NO,67,63,59,60,65
377,Hobgob,Enchanter,NO,65,63,59,60,65
375,Hobgob,Illusionist,-10,65,63,59,60,65
1297,Hobgob,Invoker,UNS,67,63,59,60,65
387,Hobgob,Jongleur,0,65,55,59,68,65
374,Hobgob,Mage,0,65,63,59,60,65
378,Hobgob,Mentalist,-10,65,63,59,60,65
1299,Hobgob,Monk,UNS,67,63,59,60,65
1295,Hobgob,Necromancer,UNS,67,63,59,60,65
372,Hobgob,Nightshade,0,65,59,55,68,65
373,Hobgob,Ninja,10,69,55,55,68,65
1307,Hobgob,Ovate,0,67,59,63,60,65
1298,Hobgob,Paladin,NO,75,55,59,60,65
371,Hobgob,Pirate,0,65,59,55,68,65
384,Hobgob,Priest,10,65,59,63,60,65
364,Hobgob,Ranger,0,65,55,59,68,65
1301,Hobgob,Runesmith,NO,67,59,63,60,65
367,Hobgob,Samurai,-10,73,55,55,60,69
1300,Hobgob,Shadowknight,NO,75,55,59,60,65
1306,Hobgob,Shadowmage,NO,67,63,59,60,65
383,Hobgob,Shaman,10,65,59,63,60,65
385,Hobgob,Shukenja,10,65,59,63,60,65
389,Hobgob,Skald,-20,69,55,63,60,65
365,Hobgob,Swash,NO,69,55,55,68,65
368,Hobgob,Thief,10,65,59,55,68,65
1296,Hobgob,Transmuter,UNS,67,63,59,60,65
376,Hobgob,Warlock,0,65,63,55,64,65
362,Hobgob,Warrior,20,73,55,55,60,69
379,Hobgob,WuJen,-10,65,63,59,60,65
1,Human,(none),NO,60,60,60,60,60
6,Human,Armsman,10,70,60,60,60,66
9,Human,Assassin,10,60,66,60,70,60
10,Human,Bandit,10,66,60,60,70,60
3,Human,Barbarian,0,66,60,60,60,70
26,Human,Bard,10,60,66,70,60,60
1047,Human,Battlemage,UNS,60,70,66,60,60
1038,Human,Battlerager,NO,66,60,60,60,70
1037,Human,Bladesinger,NO,60,66,60,70,60
30,Human,Brew,20,70,60,66,60,60
28,Human,Charlatan,0,60,66,70,60,60
20,Human,Cleric,10,60,66,70,60,60
1049,Human,Confessor,0,60,70,66,60,60
21,Human,Crusader,20,60,60,70,60,66
1048,Human,Dragonslayer,UNS,70,60,60,60,66
22,Human,Druid,0,60,60,70,66,60
1046,Human,Eldritch,NO,60,70,66,60,60
17,Human,Enchanter,0,60,70,66,60,60
15,Human,Illusionist,0,60,70,66,60,60
1041,Human,Invoker,UNS,60,70,66,60,60
27,Human,Jongleur,0,60,60,66,70,60
14,Human,Mage,10,60,70,66,60,60
18,Human,Mentalist,20,60,70,66,60,60
1043,Human,Monk,0,60,70,66,60,60
1039,Human,Necromancer,UNS,60,70,66,60,60
12,Human,Nightshade,0,60,66,60,70,60
13,Human,Ninja,20,66,60,60,70,60
1051,Human,Ovate,20,60,66,70,60,60
1042,Human,Paladin,UNS,70,60,66,60,60
11,Human,Pirate,0,60,66,60,70,60
24,Human,Priest,10,60,66,70,60,60
4,Human,Ranger,10,60,60,66,70,60
1045,Human,Runesmith,NO,60,66,70,60,60
7,Human,Samurai,20,70,60,60,60,66
1044,Human,Shadowknight,10,70,60,66,60,60
1050,Human,Shadowmage,10,60,70,66,60,60
23,Human,Shaman,0,60,66,70,60,60
25,Human,Shukenja,20,60,66,70,60,60
29,Human,Skald,10,66,60,70,60,60
5,Human,Swash,10,66,60,60,70,60
8,Human,Thief,0,60,66,60,70,60
1040,Human,Transmuter,UNS,60,70,66,60,60
16,Human,Warlock,0,60,70,60,66,60
2,Human,Warrior,0,70,60,60,60,66
19,Human,WuJen,20,60,70,66,60,60
661,Kender,(none),NO,28,75,50,92,28
666,Kender,Armsman,-20,36,75,50,92,32
669,Kender,Assassin,NO,28,79,50,100,28
670,Kender,Bandit,NO,32,75,50,100,28
663,Kender,Barbarian,NO,32,75,50,92,36
686,Kender,Bard,10,28,79,58,92,28
1367,Kender,Battlemage,UNS,30,83,54,92,28
1358,Kender,Battlerager,NO,34,75,50,92,36
1357,Kender,Bladesinger,NO,30,79,50,100,28
690,Kender,Brew,0,36,75,54,92,28
688,Kender,Charlatan,0,28,79,58,92,28
680,Kender,Cleric,-10,28,79,58,92,28
1369,Kender,Confessor,NO,30,83,54,92,28
681,Kender,Crusader,-10,28,75,58,92,32
1368,Kender,Dragonslayer,UNS,38,75,50,92,32
682,Kender,Druid,-10,28,75,58,96,28
1366,Kender,Eldritch,NO,30,83,54,92,28
677,Kender,Enchanter,NO,28,83,54,92,28
675,Kender,Illusionist,NO,28,83,54,92,28
1361,Kender,Invoker,0,30,83,54,92,28
687,Kender,Jongleur,10,28,75,54,100,28
674,Kender,Mage,NO,28,83,54,92,28
678,Kender,Mentalist,NO,28,83,54,92,28
1363,Kender,Monk,UNS,30,83,54,92,28
1359,Kender,Necromancer,UNS,30,83,54,92,28
672,Kender,Nightshade,20,28,79,50,100,28
673,Kender,Ninja,20,32,75,50,100,28
1371,Kender,Ovate,UNS,30,79,58,92,28
1362,Kender,Paladin,NO,38,75,54,92,28
671,Kender,Pirate,0,28,79,50,100,28
684,Kender,Priest,-10,28,79,58,92,28
664,Kender,Ranger,0,28,75,54,100,28
1365,Kender,Runesmith,NO,30,79,58,92,28
667,Kender,Samurai,-20,36,75,50,92,32
1364,Kender,Shadowknight,NO,38,75,54,92,28
1370,Kender,Shadowmage,NO,30,83,54,92,28
683,Kender,Shaman,NO,28,79,58,92,28
685,Kender,Shukenja,-10,28,79,58,92,28
689,Kender,Skald,0,32,75,58,92,28
665,Kender,Swash,0,32,75,50,100,28
668,Kender,Thief,20,28,79,50,100,28
1360,Kender,Transmuter,UNS,30,83,54,92,28
676,Kender,Warlock,NO,28,83,50,96,28
662,Kender,Warrior,-10,36,75,50,92,32
679,Kender,WuJen,NO,28,83,54,92,28
946,Lagoda,(none),NO,70,55,60,75,55
951,Lagoda,Armsman,UNS,78,55,60,75,59
954,Lagoda,Assassin,UNS,70,59,60,83,55
955,Lagoda,Bandit,UNS,74,55,60,83,55
948,Lagoda,Barbarian,UNS,74,55,60,75,63
971,Lagoda,Bard,UNS,70,59,68,75,55
986,Lagoda,Battlemage,UNS,70,63,64,75,55
977,Lagoda,Battlerager,NO,74,55,60,75,63
976,Lagoda,Bladesinger,NO,70,59,60,83,55
975,Lagoda,Brew,UNS,78,55,64,75,55
973,Lagoda,Charlatan,UNS,70,59,68,75,55
965,Lagoda,Cleric,0,70,59,68,75,55
988,Lagoda,Confessor,NO,70,63,64,75,55
966,Lagoda,Crusader,0,70,55,68,75,59
987,Lagoda,Dragonslayer,UNS,78,55,60,75,59
967,Lagoda,Druid,10,70,55,68,79,55
985,Lagoda,Eldritch,NO,70,63,64,75,55
962,Lagoda,Enchanter,UNS,70,63,64,75,55
960,Lagoda,Illusionist,UNS,70,63,64,75,55
980,Lagoda,Invoker,UNS,70,63,64,75,55
972,Lagoda,Jongleur,UNS,70,55,64,83,55
959,Lagoda,Mage,UNS,70,63,64,75,55
963,Lagoda,Mentalist,UNS,70,59,68,75,55
982,Lagoda,Monk,UNS,70,63,64,75,55
978,Lagoda,Necromancer,UNS,70,63,64,75,55
957,Lagoda,Nightshade,UNS,70,59,60,83,55
958,Lagoda,Ninja,UNS,74,55,60,83,55
990,Lagoda,Ovate,UNS,70,59,68,75,55
981,Lagoda,Paladin,NO,78,55,64,75,55
956,Lagoda,Pirate,UNS,70,59,60,83,55
969,Lagoda,Priest,UNS,70,59,68,75,55
949,Lagoda,Ranger,10,70,55,64,83,55
984,Lagoda,Runesmith,NO,70,59,68,75,55
952,Lagoda,Samurai,20,78,55,60,75,59
983,Lagoda,Shadowknight,NO,78,55,64,75,55
989,Lagoda,Shadowmage,NO,70,63,64,75,55
968,Lagoda,Shaman,UNS,70,59,68,75,55
970,Lagoda,Shukenja,UNS,70,59,68,75,55
974,Lagoda,Skald,UNS,74,55,68,75,55
950,Lagoda,Swash,UNS,74,55,60,83,55
953,Lagoda,Thief,UNS,70,59,60,83,55
979,Lagoda,Transmuter,UNS,70,63,64,75,55
961,Lagoda,Warlock,UNS,70,63,60,79,55
947,Lagoda,Warrior,10,78,55,60,75,59
964,Lagoda,WuJen,UNS,70,63,64,75,55
901,Lepori,(none),NO,50,75,60,85,45
906,Lepori,Armsman,-10,58,75,60,85,49
909,Lepori,Assassin,UNS,50,79,60,93,45
910,Lepori,Bandit,UNS,54,75,60,93,45
903,Lepori,Barbarian,0,54,75,60,85,53
926,Lepori,Bard,UNS,50,79,68,85,45
941,Lepori,Battlemage,UNS,50,83,64,85,45
932,Lepori,Battlerager,NO,54,75,60,85,53
931,Lepori,Bladesinger,NO,50,79,60,93,45
930,Lepori,Brew,UNS,58,75,64,85,45
928,Lepori,Charlatan,UNS,50,79,68,85,45
920,Lepori,Cleric,0,50,79,68,85,45
943,Lepori,Confessor,NO,50,83,64,85,45
921,Lepori,Crusader,0,50,75,68,85,49
942,Lepori,Dragonslayer,UNS,58,75,60,85,49
922,Lepori,Druid,20,50,75,68,89,45
940,Lepori,Eldritch,NO,50,83,64,85,45
917,Lepori,Enchanter,UNS,50,83,64,85,45
915,Lepori,Illusionist,UNS,50,83,64,85,45
935,Lepori,Invoker,UNS,50,83,64,85,45
927,Lepori,Jongleur,10,50,75,64,93,45
914,Lepori,Mage,UNS,50,83,64,85,45
918,Lepori,Mentalist,UNS,50,79,68,85,45
937,Lepori,Monk,UNS,50,83,64,85,45
933,Lepori,Necromancer,UNS,50,83,64,85,45
912,Lepori,Nightshade,UNS,50,79,60,93,45
913,Lepori,Ninja,0,54,75,60,93,45
945,Lepori,Ovate,UNS,50,79,68,85,45
936,Lepori,Paladin,NO,58,75,64,85,45
911,Lepori,Pirate,UNS,50,79,60,93,45
924,Lepori,Priest,UNS,50,79,68,85,45
904,Lepori,Ranger,-10,50,75,64,93,45
939,Lepori,Runesmith,NO,50,79,68,85,45
907,Lepori,Samurai,-10,58,75,60,85,49
938,Lepori,Shadowknight,NO,58,75,64,85,45
944,Lepori,Shadowmage,NO,50,83,64,85,45
923,Lepori,Shaman,UNS,50,79,68,85,45
925,Lepori,Shukenja,0,50,79,68,85,45
929,Lepori,Skald,UNS,54,75,68,85,45
905,Lepori,Swash,0,54,75,60,93,45
908,Lepori,Thief,UNS,50,79,60,93,45
934,Lepori,Transmuter,UNS,50,83,64,85,45
916,Lepori,Warlock,UNS,50,83,60,89,45
902,Lepori,Warrior,-10,58,75,60,85,49
919,Lepori,WuJen,UNS,50,83,64,85,45
61,M-Dwarf,(none),NO,66,53,76,45,67
66,M-Dwarf,Armsman,30,74,53,76,45,71
69,M-Dwarf,Assassin,-10,66,57,76,53,67
70,M-Dwarf,Bandit,10,70,53,76,53,67
63,M-Dwarf,Barbarian,0,70,53,76,45,75
86,M-Dwarf,Bard,10,66,57,84,45,67
1143,M-Dwarf,Battlemage,UNS,68,61,80,45,67
1134,M-Dwarf,Battlerager,30,72,53,76,45,75
1133,M-Dwarf,Bladesinger,NO,68,57,76,53,67
90,M-Dwarf,Brew,20,74,53,80,45,67
88,M-Dwarf,Charlatan,0,66,57,84,45,67
80,M-Dwarf,Cleric,10,66,57,84,45,67
1145,M-Dwarf,Confessor,NO,68,61,80,45,67
81,M-Dwarf,Crusader,0,66,53,84,45,71
1144,M-Dwarf,Dragonslayer,UNS,76,53,76,45,71
82,M-Dwarf,Druid,NO,66,53,84,49,67
1142,M-Dwarf,Eldritch,NO,68,61,80,45,67
77,M-Dwarf,Enchanter,NO,66,61,80,45,67
75,M-Dwarf,Illusionist,NO,66,61,80,45,67
1137,M-Dwarf,Invoker,UNS,68,61,80,45,67
87,M-Dwarf,Jongleur,-10,66,53,80,53,67
74,M-Dwarf,Mage,NO,66,61,80,45,67
78,M-Dwarf,Mentalist,NO,66,61,80,45,67
1139,M-Dwarf,Monk,UNS,68,61,80,45,67
1135,M-Dwarf,Necromancer,UNS,68,61,80,45,67
72,M-Dwarf,Nightshade,NO,66,57,76,53,67
73,M-Dwarf,Ninja,-10,70,53,76,53,67
1147,M-Dwarf,Ovate,UNS,68,57,84,45,67
1138,M-Dwarf,Paladin,NO,76,53,80,45,67
71,M-Dwarf,Pirate,0,66,57,76,53,67
84,M-Dwarf,Priest,20,66,57,84,45,67
64,M-Dwarf,Ranger,-10,66,53,80,53,67
1141,M-Dwarf,Runesmith,UNS,68,57,84,45,67
67,M-Dwarf,Samurai,20,74,53,76,45,71
1140,M-Dwarf,Shadowknight,NO,76,53,80,45,67
1146,M-Dwarf,Shadowmage,NO,68,61,80,45,67
83,M-Dwarf,Shaman,0,66,57,84,45,67
85,M-Dwarf,Shukenja,10,66,57,84,45,67
89,M-Dwarf,Skald,30,70,53,84,45,67
65,M-Dwarf,Swash,NO,70,53,76,53,67
68,M-Dwarf,Thief,-10,66,57,76,53,67
1136,M-Dwarf,Transmuter,UNS,68,61,80,45,67
76,M-Dwarf,Warlock,NO,66,61,76,49,67
62,M-Dwarf,Warrior,10,74,53,76,45,71
79,M-Dwarf,WuJen,NO,66,61,80,45,67
601,Minotaur,(none),NO,77,59,52,40,80
606,Minotaur,Armsman,20,85,59,52,40,84
609,Minotaur,Assassin,-10,77,63,52,48,80
610,Minotaur,Bandit,-20,81,59,52,48,80
603,Minotaur,Barbarian,30,81,59,52,40,88
626,Minotaur,Bard,-10,77,63,60,40,80
1207,Minotaur,Battlemage,0,79,67,56,40,80
1198,Minotaur,Battlerager,NO,83,59,52,40,88
1197,Minotaur,Bladesinger,NO,79,63,52,48,80
630,Minotaur,Brew,0,85,59,56,40,80
628,Minotaur,Charlatan,NO,77,63,60,40,80
620,Minotaur,Cleric,0,77,63,60,40,80
1209,Minotaur,Confessor,NO,79,67,56,40,80
621,Minotaur,Crusader,0,77,59,60,40,84
1208,Minotaur,Dragonslayer,UNS,87,59,52,40,84
622,Minotaur,Druid,-10,77,59,60,44,80
1206,Minotaur,Eldritch,NO,79,67,56,40,80
617,Minotaur,Enchanter,-10,77,67,56,40,80
615,Minotaur,Illusionist,-10,77,67,56,40,80
1201,Minotaur,Invoker,-10,79,67,56,40,80
627,Minotaur,Jongleur,NO,77,59,56,48,80
614,Minotaur,Mage,-10,77,67,56,40,80
618,Minotaur,Mentalist,-20,77,67,56,40,80
1203,Minotaur,Monk,0,79,67,56,40,80
1199,Minotaur,Necromancer,UNS,79,67,56,40,80
612,Minotaur,Nightshade,NO,77,63,52,48,80
613,Minotaur,Ninja,-10,81,59,52,48,80
1211,Minotaur,Ovate,UNS,79,63,60,40,80
1202,Minotaur,Paladin,NO,87,59,56,40,80
611,Minotaur,Pirate,0,77,63,52,48,80
624,Minotaur,Priest,0,77,63,60,40,80
604,Minotaur,Ranger,0,77,59,56,48,80
1205,Minotaur,Runesmith,NO,79,63,60,40,80
607,Minotaur,Samurai,20,85,59,52,40,84
1204,Minotaur,Shadowknight,NO,87,59,56,40,80
1210,Minotaur,Shadowmage,NO,79,67,56,40,80
623,Minotaur,Shaman,NO,77,63,60,40,80
625,Minotaur,Shukenja,10,77,63,60,40,80
629,Minotaur,Skald,0,81,59,60,40,80
605,Minotaur,Swash,NO,81,59,52,48,80
608,Minotaur,Thief,-10,77,63,52,48,80
1200,Minotaur,Transmuter,UNS,79,67,56,40,80
616,Minotaur,Warlock,NO,77,67,52,44,80
602,Minotaur,Warrior,20,85,59,52,40,84
619,Minotaur,WuJen,-10,77,67,56,40,80
121,Mul,(none),NO,70,52,50,66,68
126,Mul,Armsman,0,78,52,50,66,72
129,Mul,Assassin,0,70,56,50,74,68
130,Mul,Bandit,10,74,52,50,74,68
123,Mul,Barbarian,0,74,52,50,66,76
146,Mul,Bard,-20,70,56,58,66,68
1191,Mul,Battlemage,0,72,60,54,66,68
1182,Mul,Battlerager,-20,76,52,50,66,76
1181,Mul,Bladesinger,NO,72,56,50,74,68
150,Mul,Brew,20,78,52,54,66,68
148,Mul,Charlatan,0,70,56,58,66,68
140,Mul,Cleric,0,70,56,58,66,68
1193,Mul,Confessor,NO,72,60,54,66,68
141,Mul,Crusader,0,70,52,58,66,72
1192,Mul,Dragonslayer,UNS,80,52,50,66,72
142,Mul,Druid,-30,70,52,58,70,68
1190,Mul,Eldritch,NO,72,60,54,66,68
137,Mul,Enchanter,0,70,60,54,66,68
135,Mul,Illusionist,0,70,60,54,66,68
1185,Mul,Invoker,UNS,72,60,54,66,68
147,Mul,Jongleur,0,70,52,54,74,68
134,Mul,Mage,-30,70,60,54,66,68
138,Mul,Mentalist,-30,70,60,54,66,68
1187,Mul,Monk,0,72,60,54,66,68
1183,Mul,Necromancer,UNS,72,60,54,66,68
132,Mul,Nightshade,-20,70,56,50,74,68
133,Mul,Ninja,-10,74,52,50,74,68
1195,Mul,Ovate,UNS,72,56,58,66,68
1186,Mul,Paladin,NO,80,52,54,66,68
131,Mul,Pirate,0,70,56,50,74,68
144,Mul,Priest,0,70,56,58,66,68
124,Mul,Ranger,0,70,52,54,74,68
1189,Mul,Runesmith,UNS,72,56,58,66,68
127,Mul,Samurai,10,80,52,50,66,72
1188,Mul,Shadowknight,NO,80,52,54,66,68
1194,Mul,Shadowmage,NO,72,60,54,66,68
143,Mul,Shaman,0,70,56,58,66,68
145,Mul,Shukenja,10,70,56,58,66,68
149,Mul,Skald,0,74,52,58,66,68
125,Mul,Swash,-20,74,52,50,74,68
128,Mul,Thief,0,70,56,50,74,68
1184,Mul,Transmuter,UNS,72,60,54,66,68
136,Mul,Warlock,0,70,60,50,70,68
122,Mul,Warrior,0,78,52,50,66,72
139,Mul,WuJen,-10,70,60,54,66,68
451,Ogre,(none),NO,85,34,45,40,85
456,Ogre,Armsman,30,93,34,45,40,89
459,Ogre,Assassin,-20,85,38,45,48,85
460,Ogre,Bandit,-10,89,34,45,48,85
453,Ogre,Barbarian,10,89,34,45,40,93
476,Ogre,Bard,NO,85,38,53,40,85
1223,Ogre,Battlemage,0,87,42,49,40,85
1214,Ogre,Battlerager,NO,91,34,45,40,93
1213,Ogre,Bladesinger,NO,87,38,45,48,85
480,Ogre,Brew,NO,93,34,49,40,85
478,Ogre,Charlatan,NO,85,38,53,40,85
470,Ogre,Cleric,-10,85,38,53,40,85
1225,Ogre,Confessor,NO,87,42,49,40,85
471,Ogre,Crusader,0,85,34,53,40,89
1224,Ogre,Dragonslayer,UNS,95,34,45,40,89
472,Ogre,Druid,-20,85,34,53,44,85
1222,Ogre,Eldritch,NO,87,42,49,40,85
467,Ogre,Enchanter,-20,85,42,49,40,85
465,Ogre,Illusionist,-20,85,42,49,40,85
1217,Ogre,Invoker,-20,87,42,49,40,85
477,Ogre,Jongleur,NO,85,34,49,48,85
464,Ogre,Mage,-10,85,42,49,40,85
468,Ogre,Mentalist,-20,85,42,49,40,85
1219,Ogre,Monk,-20,87,42,49,40,85
1215,Ogre,Necromancer,UNS,87,42,49,40,85
462,Ogre,Nightshade,NO,85,38,45,48,85
463,Ogre,Ninja,-20,89,34,45,48,85
1227,Ogre,Ovate,UNS,87,38,53,40,85
1218,Ogre,Paladin,NO,95,34,49,40,85
461,Ogre,Pirate,0,85,38,45,48,85
474,Ogre,Priest,-10,85,38,53,40,85
454,Ogre,Ranger,-10,85,34,49,48,85
1221,Ogre,Runesmith,NO,87,38,53,40,85
457,Ogre,Samurai,-10,93,34,45,40,89
1220,Ogre,Shadowknight,NO,95,34,49,40,85
1226,Ogre,Shadowmage,NO,87,42,49,40,85
473,Ogre,Shaman,0,85,38,53,40,85
475,Ogre,Shukenja,0,85,38,53,40,85
479,Ogre,Skald,NO,89,34,53,40,85
455,Ogre,Swash,NO,89,34,45,48,85
458,Ogre,Thief,-20,85,38,45,48,85
1216,Ogre,Transmuter,UNS,87,42,49,40,85
466,Ogre,Warlock,0,85,42,45,44,85
452,Ogre,Warrior,30,93,34,45,40,89
469,Ogre,WuJen,-20,85,42,49,40,85
841,Orc,(none),NO,70,60,55,60,70
846,Orc,Armsman,20,78,60,55,60,74
849,Orc,Assassin,10,70,64,55,68,70
850,Orc,Bandit,20,74,60,55,68,70
843,Orc,Barbarian,10,74,60,55,60,78
866,Orc,Bard,NO,70,64,63,60,70
1511,Orc,Battlemage,UNS,72,68,59,60,70
1502,Orc,Battlerager,NO,76,60,55,60,78
1501,Orc,Bladesinger,NO,72,64,55,68,70
870,Orc,Brew,NO,78,60,59,60,70
868,Orc,Charlatan,NO,70,64,63,60,70
860,Orc,Cleric,0,70,64,63,60,70
1513,Orc,Confessor,NO,72,68,59,60,70
861,Orc,Crusader,10,70,60,63,60,74
1512,Orc,Dragonslayer,10,80,60,55,60,74
862,Orc,Druid,-10,70,60,63,64,70
1510,Orc,Eldritch,NO,72,68,59,60,70
857,Orc,Enchanter,0,70,68,59,60,70
855,Orc,Illusionist,0,70,68,59,60,70
1505,Orc,Invoker,UNS,72,68,59,60,70
867,Orc,Jongleur,NO,70,60,59,68,70
854,Orc,Mage,-10,70,68,59,60,70
858,Orc,Mentalist,UNS,70,68,59,60,70
1507,Orc,Monk,UNS,72,68,59,60,70
1503,Orc,Necromancer,UNS,72,68,59,60,70
852,Orc,Nightshade,0,70,64,55,68,70
853,Orc,Ninja,10,74,60,55,68,70
1515,Orc,Ovate,UNS,72,64,63,60,70
1506,Orc,Paladin,NO,80,60,59,60,70
851,Orc,Pirate,0,70,64,55,68,70
864,Orc,Priest,10,70,64,63,60,70
844,Orc,Ranger,0,70,60,59,68,70
1509,Orc,Runesmith,NO,72,64,63,60,70
847,Orc,Samurai,10,78,60,55,60,74
1508,Orc,Shadowknight,NO,80,60,59,60,70
1514,Orc,Shadowmage,NO,72,68,59,60,70
863,Orc,Shaman,10,70,64,63,60,70
865,Orc,Shukenja,10,70,64,63,60,70
869,Orc,Skald,NO,74,60,63,60,70
845,Orc,Swash,0,74,60,55,68,70
848,Orc,Thief,10,70,64,55,68,70
1504,Orc,Transmuter,UNS,72,68,59,60,70
856,Orc,Warlock,0,70,68,55,64,70
842,Orc,Warrior,10,78,60,55,60,74
859,Orc,WuJen,-10,70,68,59,60,70
781,Pixie,(none),NO,24,88,70,94,24
786,Pixie,Armsman,NO,32,88,70,94,28
789,Pixie,Assassin,0,24,92,70,102,24
790,Pixie,Bandit,0,28,88,70,102,24
783,Pixie,Barbarian,NO,28,88,70,94,32
806,Pixie,Bard,NO,24,92,78,94,24
1479,Pixie,Battlemage,UNS,26,96,74,94,24
1470,Pixie,Battlerager,NO,30,88,70,94,32
1469,Pixie,Bladesinger,NO,26,92,70,102,24
810,Pixie,Brew,NO,32,88,74,94,24
808,Pixie,Charlatan,NO,24,92,78,94,24
800,Pixie,Cleric,NO,24,92,78,94,24
1481,Pixie,Confessor,NO,26,96,74,94,24
801,Pixie,Crusader,NO,24,88,78,94,28
1480,Pixie,Dragonslayer,UNS,34,88,70,94,28
802,Pixie,Druid,NO,24,88,78,98,24
1478,Pixie,Eldritch,NO,26,96,74,94,24
797,Pixie,Enchanter,0,24,96,74,94,24
795,Pixie,Illusionist,20,24,96,74,94,24
1473,Pixie,Invoker,-10,26,96,74,94,24
807,Pixie,Jongleur,NO,24,88,74,102,24
794,Pixie,Mage,20,24,96,74,94,24
798,Pixie,Mentalist,10,24,96,74,94,24
1475,Pixie,Monk,UNS,26,96,74,94,24
1471,Pixie,Necromancer,UNS,26,96,74,94,24
792,Pixie,Nightshade,0,24,92,70,102,24
793,Pixie,Ninja,-20,28,88,70,102,24
1483,Pixie,Ovate,UNS,26,92,78,94,24
1474,Pixie,Paladin,NO,34,88,74,94,24
791,Pixie,Pirate,0,24,92,70,102,24
804,Pixie,Priest,NO,24,92,78,94,24
784,Pixie,Ranger,NO,24,88,74,102,24
1477,Pixie,Runesmith,NO,26,92,78,94,24
787,Pixie,Samurai,NO,32,88,70,94,28
1476,Pixie,Shadowknight,NO,34,88,74,94,24
1482,Pixie,Shadowmage,NO,26,96,74,94,24
803,Pixie,Shaman,NO,24,92,78,94,24
805,Pixie,Shukenja,NO,24,92,78,94,24
809,Pixie,Skald,NO,28,88,78,94,24
785,Pixie,Swash,NO,28,88,70,102,24
788,Pixie,Thief,0,24,92,70,102,24
1472,Pixie,Transmuter,0,26,96,74,94,24
796,Pixie,Warlock,0,24,96,70,98,24
782,Pixie,Warrior,NO,32,88,70,94,28
799,Pixie,WuJen,10,24,96,74,94,24
151,S-Elf,(none),NO,35,82,82,69,40
156,S-Elf,Armsman,10,43,82,82,69,44
159,S-Elf,Assassin,10,35,86,82,77,40
160,S-Elf,Bandit,-10,39,82,82,77,40
153,S-Elf,Barbarian,NO,39,82,82,69,48
176,S-Elf,Bard,10,35,86,90,69,40
1063,S-Elf,Battlemage,UNS,37,90,86,69,40
1054,S-Elf,Battlerager,NO,41,82,82,69,48
1053,S-Elf,Bladesinger,30,37,86,82,77,40
180,S-Elf,Brew,0,43,82,86,69,40
178,S-Elf,Charlatan,-10,35,86,90,69,40
170,S-Elf,Cleric,20,35,86,90,69,40
1065,S-Elf,Confessor,NO,37,90,86,69,40
171,S-Elf,Crusader,0,35,82,90,69,44
1064,S-Elf,Dragonslayer,UNS,45,82,82,69,44
172,S-Elf,Druid,10,35,82,90,73,40
1062,S-Elf,Eldritch,0,37,90,86,69,40
167,S-Elf,Enchanter,10,35,90,86,69,40
165,S-Elf,Illusionist,10,35,90,86,69,40
1057,S-Elf,Invoker,20,37,90,86,69,40
177,S-Elf,Jongleur,0,35,82,86,77,40
164,S-Elf,Mage,20,35,90,86,69,40
168,S-Elf,Mentalist,20,35,90,86,69,40
1059,S-Elf,Monk,UNS,37,90,86,69,40
1055,S-Elf,Necromancer,UNS,37,90,86,69,40
162,S-Elf,Nightshade,20,35,86,82,77,40
163,S-Elf,Ninja,20,39,82,82,77,40
1067,S-Elf,Ovate,UNS,37,86,90,69,40
1058,S-Elf,Paladin,NO,45,82,86,69,40
161,S-Elf,Pirate,0,35,86,82,77,40
174,S-Elf,Priest,20,35,86,90,69,40
154,S-Elf,Ranger,20,35,82,86,77,40
1061,S-Elf,Runesmith,NO,37,86,90,69,40
157,S-Elf,Samurai,10,43,82,82,69,44
1060,S-Elf,Shadowknight,NO,45,82,86,69,40
1066,S-Elf,Shadowmage,NO,37,90,86,69,40
173,S-Elf,Shaman,NO,35,86,90,69,40
175,S-Elf,Shukenja,10,35,86,90,69,40
179,S-Elf,Skald,0,39,82,90,69,40
155,S-Elf,Swash,10,39,82,82,77,40
158,S-Elf,Thief,0,35,86,82,77,40
1056,S-Elf,Transmuter,20,37,90,86,69,40
166,S-Elf,Warlock,NO,35,90,82,73,40
152,S-Elf,Warrior,20,43,82,82,69,44
169,S-Elf,WuJen,20,35,90,86,69,40
271,Sea-Elf,(none),NO,40,76,72,70,44
276,Sea-Elf,Armsman,-10,48,76,72,70,48
279,Sea-Elf,Assassin,0,40,80,72,78,44
280,Sea-Elf,Bandit,-10,44,76,72,78,44
273,Sea-Elf,Barbarian,0,44,76,72,70,52
296,Sea-Elf,Bard,0,40,80,80,70,44
1111,Sea-Elf,Battlemage,UNS,42,84,76,70,44
1102,Sea-Elf,Battlerager,NO,46,76,72,70,52
1101,Sea-Elf,Bladesinger,0,42,80,72,78,44
300,Sea-Elf,Brew,0,48,76,76,70,44
298,Sea-Elf,Charlatan,-10,40,80,80,70,44
290,Sea-Elf,Cleric,10,40,80,80,70,44
1113,Sea-Elf,Confessor,NO,42,84,76,70,44
291,Sea-Elf,Crusader,0,40,76,80,70,48
1112,Sea-Elf,Dragonslayer,10,50,76,72,70,48
292,Sea-Elf,Druid,10,40,76,80,74,44
1110,Sea-Elf,Eldritch,0,42,84,76,70,44
287,Sea-Elf,Enchanter,10,40,84,76,70,44
285,Sea-Elf,Illusionist,10,40,84,76,70,44
1105,Sea-Elf,Invoker,UNS,42,84,76,70,44
297,Sea-Elf,Jongleur,0,40,76,76,78,44
284,Sea-Elf,Mage,10,40,84,76,70,44
288,Sea-Elf,Mentalist,10,40,84,76,70,44
1107,Sea-Elf,Monk,UNS,42,84,76,70,44
1103,Sea-Elf,Necromancer,UNS,42,84,76,70,44
282,Sea-Elf,Nightshade,0,40,80,72,78,44
283,Sea-Elf,Ninja,10,44,76,72,78,44
1115,Sea-Elf,Ovate,UNS,42,80,80,70,44
1106,Sea-Elf,Paladin,NO,50,76,76,70,44
281,Sea-Elf,Pirate,0,40,80,72,78,44
294,Sea-Elf,Priest,0,40,80,80,70,44
274,Sea-Elf,Ranger,10,40,76,76,78,44
1109,Sea-Elf,Runesmith,NO,42,80,80,70,44
277,Sea-Elf,Samurai,0,48,76,72,70,48
1108,Sea-Elf,Shadowknight,NO,50,76,76,70,44
1114,Sea-Elf,Shadowmage,NO,42,84,76,70,44
293,Sea-Elf,Shaman,0,40,80,80,70,44
295,Sea-Elf,Shukenja,10,40,80,80,70,44
299,Sea-Elf,Skald,0,44,76,80,70,44
275,Sea-Elf,Swash,10,44,76,72,78,44
278,Sea-Elf,Thief,0,40,80,72,78,44
1104,Sea-Elf,Transmuter,UNS,42,84,76,70,44
286,Sea-Elf,Warlock,-10,40,84,72,74,44
272,Sea-Elf,Warrior,-10,48,76,72,70,48
289,Sea-Elf,WuJen,20,40,84,76,70,44
421,Tink Gn,(none),NO,36,92,71,55,46
426,Tink Gn,Armsman,-20,44,92,71,55,50
429,Tink Gn,Assassin,-10,36,96,71,63,46
430,Tink Gn,Bandit,-10,40,92,71,63,46
423,Tink Gn,Barbarian,NO,40,92,71,55,54
446,Tink Gn,Bard,0,36,96,79,55,46
1335,Tink Gn,Battlemage,0,38,100,75,55,46
1326,Tink Gn,Battlerager,NO,42,92,71,55,54
1325,Tink Gn,Bladesinger,NO,38,96,71,63,46
450,Tink Gn,Brew,0,44,92,75,55,46
448,Tink Gn,Charlatan,-10,36,96,79,55,46
440,Tink Gn,Cleric,0,36,96,79,55,46
1337,Tink Gn,Confessor,NO,38,100,75,55,46
441,Tink Gn,Crusader,0,36,92,79,55,50
1336,Tink Gn,Dragonslayer,UNS,46,92,71,55,50
442,Tink Gn,Druid,0,36,92,79,59,46
1334,Tink Gn,Eldritch,NO,38,100,75,55,46
437,Tink Gn,Enchanter,10,36,100,75,55,46
435,Tink Gn,Illusionist,10,36,100,75,55,46
1329,Tink Gn,Invoker,UNS,38,100,75,55,46
447,Tink Gn,Jongleur,-10,36,92,75,63,46
434,Tink Gn,Mage,0,36,100,75,55,46
438,Tink Gn,Mentalist,20,36,100,75,55,46
1331,Tink Gn,Monk,UNS,38,100,75,55,46
1327,Tink Gn,Necromancer,UNS,38,100,75,55,46
432,Tink Gn,Nightshade,0,36,96,71,63,46
433,Tink Gn,Ninja,-10,40,92,71,63,46
1339,Tink Gn,Ovate,UNS,38,96,79,55,46
1330,Tink Gn,Paladin,NO,46,92,75,55,46
431,Tink Gn,Pirate,0,36,96,71,63,46
444,Tink Gn,Priest,0,36,96,79,55,46
424,Tink Gn,Ranger,0,36,92,75,63,46
1333,Tink Gn,Runesmith,NO,38,96,79,55,46
427,Tink Gn,Samurai,-10,44,92,71,55,50
1332,Tink Gn,Shadowknight,NO,46,92,75,55,46
1338,Tink Gn,Shadowmage,NO,38,100,75,55,46
443,Tink Gn,Shaman,NO,36,96,79,55,46
445,Tink Gn,Shukenja,-10,36,96,79,55,46
449,Tink Gn,Skald,0,40,92,79,55,46
425,Tink Gn,Swash,0,40,92,71,63,46
428,Tink Gn,Thief,0,36,96,71,63,46
1328,Tink Gn,Transmuter,UNS,38,100,75,55,46
436,Tink Gn,Warlock,NO,36,100,71,59,46
422,Tink Gn,Warrior,0,44,92,71,55,50
439,Tink Gn,WuJen,10,36,100,75,55,46
871,Troll,(none),NO,90,45,45,60,80
876,Troll,Armsman,0,98,45,45,60,84
879,Troll,Assassin,NO,90,49,45,68,80
880,Troll,Bandit,NO,94,45,45,68,80
873,Troll,Barbarian,10,94,45,45,60,88
896,Troll,Bard,NO,90,49,53,60,80
1527,Troll,Battlemage,UNS,92,53,49,60,80
1518,Troll,Battlerager,NO,96,45,45,60,88
1517,Troll,Bladesinger,NO,92,49,45,68,80
900,Troll,Brew,NO,98,45,49,60,80
898,Troll,Charlatan,NO,90,49,53,60,80
890,Troll,Cleric,10,90,49,53,60,80
1529,Troll,Confessor,NO,92,53,49,60,80
891,Troll,Crusader,0,90,45,53,60,84
1528,Troll,Dragonslayer,UNS,100,45,45,60,84
892,Troll,Druid,0,90,45,53,64,80
1526,Troll,Eldritch,NO,92,53,49,60,80
887,Troll,Enchanter,NO,90,53,49,60,80
885,Troll,Illusionist,NO,90,53,49,60,80
1521,Troll,Invoker,UNS,92,53,49,60,80
897,Troll,Jongleur,NO,90,45,49,68,80
884,Troll,Mage,NO,90,53,49,60,80
888,Troll,Mentalist,NO,90,53,49,60,80
1523,Troll,Monk,UNS,92,53,49,60,80
1519,Troll,Necromancer,UNS,92,53,49,60,80
882,Troll,Nightshade,NO,90,49,45,68,80
883,Troll,Ninja,NO,94,45,45,68,80
1531,Troll,Ovate,UNS,92,49,53,60,80
1522,Troll,Paladin,NO,100,45,49,60,80
881,Troll,Pirate,NO,90,49,45,68,80
894,Troll,Priest,0,90,49,53,60,80
874,Troll,Ranger,0,90,45,49,68,80
1525,Troll,Runesmith,NO,92,49,53,60,80
877,Troll,Samurai,-10,98,45,45,60,84
1524,Troll,Shadowknight,NO,100,45,49,60,80
1530,Troll,Shadowmage,NO,92,53,49,60,80
893,Troll,Shaman,20,90,49,53,60,80
895,Troll,Shukenja,10,90,49,53,60,80
899,Troll,Skald,NO,94,45,53,60,80
875,Troll,Swash,0,94,45,45,68,80
878,Troll,Thief,NO,90,49,45,68,80
1520,Troll,Transmuter,UNS,92,53,49,60,80
886,Troll,Warlock,NO,90,53,45,64,80
872,Troll,Warrior,10,98,45,45,60,84
889,Troll,WuJen,NO,90,53,49,60,80
241,W-Elf,(none),NO,49,64,56,78,52
246,W-Elf,Armsman,0,57,64,56,78,56
249,W-Elf,Assassin,20,49,68,56,86,52
250,W-Elf,Bandit,0,53,64,56,86,52
243,W-Elf,Barbarian,20,53,64,56,78,60
266,W-Elf,Bard,0,49,68,64,78,52
1095,W-Elf,Battlemage,UNS,51,72,60,78,52
1086,W-Elf,Battlerager,NO,55,64,56,78,60
1085,W-Elf,Bladesinger,0,51,68,56,86,52
270,W-Elf,Brew,0,57,64,60,78,52
268,W-Elf,Charlatan,0,49,68,64,78,52
260,W-Elf,Cleric,0,49,68,64,78,52
1097,W-Elf,Confessor,NO,51,72,60,78,52
261,W-Elf,Crusader,0,49,64,64,78,56
1096,W-Elf,Dragonslayer,UNS,59,64,56,78,56
262,W-Elf,Druid,20,49,64,64,82,52
1094,W-Elf,Eldritch,0,51,72,60,78,52
257,W-Elf,Enchanter,-10,49,72,60,78,52
255,W-Elf,Illusionist,-10,49,72,60,78,52
1089,W-Elf,Invoker,UNS,51,72,60,78,52
267,W-Elf,Jongleur,-10,49,64,60,86,52
254,W-Elf,Mage,-10,49,72,60,78,52
258,W-Elf,Mentalist,-10,49,72,60,78,52
1091,W-Elf,Monk,0,51,72,60,78,52
1087,W-Elf,Necromancer,UNS,51,72,60,78,52
252,W-Elf,Nightshade,10,49,68,56,86,52
253,W-Elf,Ninja,10,53,64,56,86,52
1099,W-Elf,Ovate,UNS,51,68,64,78,52
1090,W-Elf,Paladin,NO,59,64,60,78,52
251,W-Elf,Pirate,0,49,68,56,86,52
264,W-Elf,Priest,0,49,68,64,78,52
244,W-Elf,Ranger,30,49,64,60,86,52
1093,W-Elf,Runesmith,NO,51,68,64,78,52
247,W-Elf,Samurai,10,57,64,56,78,56
1092,W-Elf,Shadowknight,NO,59,64,60,78,52
1098,W-Elf,Shadowmage,NO,51,72,60,78,52
263,W-Elf,Shaman,10,49,68,64,78,52
265,W-Elf,Shukenja,10,49,68,64,78,52
269,W-Elf,Skald,0,53,64,64,78,52
245,W-Elf,Swash,-10,53,64,56,86,52
248,W-Elf,Thief,0,49,68,56,86,52
1088,W-Elf,Transmuter,UNS,51,72,60,78,52
256,W-Elf,Warlock,0,49,72,56,82,52
242,W-Elf,Warrior,10,57,64,56,78,56
259,W-Elf,WuJen,0,49,72,60,78,52
541,Wemic,(none),NO,70,50,45,65,70
546,Wemic,Armsman,0,78,50,45,65,74
549,Wemic,Assassin,-20,70,54,45,73,70
550,Wemic,Bandit,-20,74,50,45,73,70
543,Wemic,Barbarian,10,74,50,45,65,78
566,Wemic,Bard,NO,70,54,53,65,70
1383,Wemic,Battlemage,UNS,74,58,49,65,70
1374,Wemic,Battlerager,NO,78,50,45,65,78
1373,Wemic,Bladesinger,NO,74,54,45,73,70
570,Wemic,Brew,NO,78,50,49,65,70
568,Wemic,Charlatan,NO,70,54,53,65,70
560,Wemic,Cleric,0,70,54,53,65,70
1385,Wemic,Confessor,NO,74,58,49,65,70
561,Wemic,Crusader,-20,70,50,53,65,74
1384,Wemic,Dragonslayer,20,82,50,45,65,74
562,Wemic,Druid,0,70,50,53,69,70
1382,Wemic,Eldritch,NO,74,58,49,65,70
557,Wemic,Enchanter,NO,70,58,49,65,70
555,Wemic,Illusionist,NO,70,58,49,65,70
1377,Wemic,Invoker,UNS,74,58,49,65,70
567,Wemic,Jongleur,NO,70,50,49,73,70
554,Wemic,Mage,NO,70,58,49,65,70
558,Wemic,Mentalist,NO,70,58,49,65,70
1379,Wemic,Monk,UNS,74,58,49,65,70
1375,Wemic,Necromancer,UNS,74,58,49,65,70
552,Wemic,Nightshade,-10,70,54,45,73,70
553,Wemic,Ninja,-10,74,50,45,73,70
1387,Wemic,Ovate,UNS,74,54,53,65,70
1378,Wemic,Paladin,NO,82,50,49,65,70
551,Wemic,Pirate,0,70,54,45,73,70
564,Wemic,Priest,-10,70,54,53,65,70
544,Wemic,Ranger,10,70,50,49,73,70
1381,Wemic,Runesmith,NO,74,54,53,65,70
547,Wemic,Samurai,10,78,50,45,65,74
1380,Wemic,Shadowknight,NO,82,50,49,65,70
1386,Wemic,Shadowmage,NO,74,58,49,65,70
563,Wemic,Shaman,10,70,54,53,65,70
565,Wemic,Shukenja,10,70,54,53,65,70
569,Wemic,Skald,NO,74,50,53,65,70
545,Wemic,Swash,NO,74,50,45,73,70
548,Wemic,Thief,-10,70,54,45,73,70
1376,Wemic,Transmuter,UNS,74,58,49,65,70
556,Wemic,Warlock,NO,70,58,45,69,70
542,Wemic,Warrior,10,78,50,45,65,74
559,Wemic,WuJen,NO,70,58,49,65,70
631,Yinn,(none),NO,70,52,53,62,65
636,Yinn,Armsman,0,82,52,53,62,71
639,Yinn,Assassin,10,70,58,53,74,65
640,Yinn,Bandit,10,76,52,53,74,65
633,Yinn,Barbarian,0,76,52,53,62,77
656,Yinn,Bard,-10,70,58,65,62,65
1271,Yinn,Battlemage,0,72,64,59,62,65
1262,Yinn,Battlerager,NO,78,52,53,62,77
1261,Yinn,Bladesinger,NO,72,58,53,74,65
660,Yinn,Brew,0,82,52,61,62,65
658,Yinn,Charlatan,NO,70,58,65,62,65
650,Yinn,Cleric,0,70,58,65,62,65
1273,Yinn,Confessor,NO,72,64,59,62,65
651,Yinn,Crusader,10,70,52,65,62,71
1272,Yinn,Dragonslayer,10,84,52,53,62,71
652,Yinn,Druid,0,70,52,65,68,65
1270,Yinn,Eldritch,NO,72,64,59,62,65
647,Yinn,Enchanter,0,70,64,59,62,65
645,Yinn,Illusionist,0,70,64,59,62,65
1265,Yinn,Invoker,UNS,72,64,59,62,65
657,Yinn,Jongleur,-10,70,52,59,74,65
644,Yinn,Mage,0,70,64,59,62,65
648,Yinn,Mentalist,0,70,64,59,62,65
1267,Yinn,Monk,20,72,64,59,62,65
1263,Yinn,Necromancer,UNS,72,64,59,62,65
642,Yinn,Nightshade,-10,70,58,53,74,65
643,Yinn,Ninja,10,76,52,53,74,65
1275,Yinn,Ovate,UNS,72,58,65,62,65
1266,Yinn,Paladin,NO,84,52,59,62,65
641,Yinn,Pirate,0,70,58,53,74,65
654,Yinn,Priest,10,70,58,65,62,65
634,Yinn,Ranger,0,70,52,59,74,65
1269,Yinn,Runesmith,NO,72,58,65,62,65
637,Yinn,Samurai,20,82,52,53,62,71
1268,Yinn,Shadowknight,NO,84,52,59,62,65
1274,Yinn,Shadowmage,NO,72,64,59,62,65
653,Yinn,Shaman,NO,70,58,65,62,65
655,Yinn,Shukenja,10,70,58,65,62,65
659,Yinn,Skald,-20,76,52,65,62,65
635,Yinn,Swash,NO,76,52,53,74,65
638,Yinn,Thief,-10,70,58,53,74,65
1264,Yinn,Transmuter,0,72,64,59,62,65
646,Yinn,Warlock,0,70,64,53,68,65
632,Yinn,Warrior,10,82,52,53,62,71
649,Yinn,WuJen,10,70,64,59,62,65
